Start_Date,End_Date,Fund_ID,Fund_Name,Fund_Currency,Category_type,Account_Number,Account_Segment_1,Account_Segment_2,Account_Name,Opening_Balance,DR,CR,Closing_Balance,CREATE_TIMESTAMP,PROCESS_STATUS_CODE,SOURCE_SYSTEM_NAME,PROCESS_TYPE
1/1/2001,12/31/2001,1234,Test Fund,USD,Asset,11111,0,0,Test Account,0,2432432.234,-2432432423,0,2015.07.30 14:20:37,U,INVESTAI,I
1/1/2001,12/31/2001,1235,Test Fund,USD,Asset,11111,0,0,Test Account,0,2432433.234,-2432432422,0,2015.07.30 14:20:37,U,INVESTAI,I
1/1/2001,12/31/2001,1236,Test Fund,USD,Asset,11111,0,0,Test Account,0,2432434.234,-2432432421,0,2015.07.30 14:20:37,U,INVESTAI,I
1/1/2001,12/31/2001,1237,Test Fund,USD,Asset,11111,0,0,Test Account,0,2432435.234,-2432432420,0,2015.07.30 14:20:37,U,INVESTAI,I
1/1/2001,12/31/2001,1238,Test Fund,USD,Asset,11111,0,0,Test Account,0,2432436.234,-2432432419,0,2015.07.30 14:20:37,U,INVESTAI,I
1/1/2001,12/31/2001,1239,Test Fund,USD,Asset,11111,0,0,Test Account,0,2432437.234,-2432432418,0,2015.07.30 14:20:37,U,INVESTAI,I
1/1/2001,12/31/2001,1240,Test Fund,USD,Asset,11111,0,0,Test Account,0,2432438.234,-2432432417,0,2015.07.30 14:20:37,U,INVESTAI,I
1/1/2001,12/31/2001,1241,Test Fund,USD,Asset,11111,0,0,Test Account,0,2432439.234,-2432432416,0,2015.07.30 14:20:37,U,INVESTAI,I
1/1/2001,12/31/2001,1242,Test Fund,USD,Asset,11111,0,0,Test Account,0,2432440.234,-2432432415,0,2015.07.30 14:20:37,U,INVESTAI,I
1/1/2001,12/31/2001,1243,Test Fund,USD,Asset,11111,0,0,Test Account,0,2432441.234,-2432432414,0,2015.07.30 14:20:37,U,INVESTAI,I
1/1/2001,12/31/2001,1244,Test Fund,USD,Asset,11111,0,0,Test Account,0,2432442.234,-2432432413,0,2015.07.30 14:20:37,U,INVESTAI,I
1/1/2001,12/31/2001,1245,Test Fund,USD,Asset,11111,0,0,Test Account,0,2432443.234,-2432432412,0,2015.07.30 14:20:37,U,INVESTAI,I
1/1/2001,12/31/2001,1246,Test Fund,USD,Asset,11111,0,0,Test Account,0,2432444.234,-2432432411,0,2015.07.30 14:20:37,U,INVESTAI,I
1/1/2001,12/31/2001,1247,Test Fund,USD,Asset,11111,0,0,Test Account,0,2432445.234,-2432432410,0,2015.07.30 14:20:37,U,INVESTAI,I
1/1/2001,12/31/2001,1248,Test Fund,USD,Asset,11111,0,0,Test Account,0,2432446.234,-2432432409,0,2015.07.30 14:20:37,U,INVESTAI,I
1/1/2001,12/31/2001,1249,Test Fund,USD,Asset,22222,0,0,Test Account,0,2432447.234,-2432432408,0,2015.07.30 14:20:37,U,INVESTAI,I
1/1/2001,12/31/2001,1250,Test Fund,USD,Asset,22222,0,0,Test Account,0,2432448.234,-2432432407,0,2015.07.30 14:20:37,U,INVESTAI,I
1/1/2001,12/31/2001,1251,Test Fund,USD,Expense,22222,0,0,Test Account,0,2432449.234,-2432432406,0,2015.07.30 14:20:37,U,INVESTAI,I
1/1/2001,12/31/2001,1252,Test Fund,USD,Expense,22222,0,0,Test Account,0,2432450.234,-2432432405,0,2015.07.30 14:20:37,U,INVESTAI,I
1/1/2001,12/31/2001,1253,Test Fund,USD,Expense,22222,0,0,Test Account,0,2432451.234,-2432432404,0,2015.07.30 14:20:37,U,INVESTAI,I
1/1/2001,12/31/2001,1254,Test Fund,USD,Expense,22222,0,0,Test Account,0,2432452.234,-2432432403,0,2015.07.30 14:20:37,U,INVESTAI,I
1/1/2001,12/31/2001,1255,Test Fund,USD,Expense,22222,0,0,Test Account,0,2432453.234,-2432432402,0,2015.07.30 14:20:37,U,INVESTAI,I
1/1/2001,12/31/2001,1256,Test Fund,USD,Expense,22222,0,0,Test Account,0,2432454.234,-2432432401,0,2015.07.30 14:20:37,U,INVESTAI,I
1/1/2001,12/31/2001,1257,Test Fund,USD,Expense,22222,0,0,Test Account,0,2432455.234,-2432432400,0,2015.07.30 14:20:37,U,INVESTAI,I
1/1/2001,12/31/2001,1258,Test Fund,USD,Expense,22222,0,0,Test Account,0,2432456.234,-2432432399,0,2015.07.30 14:20:37,U,INVESTAI,I
1/1/2001,12/31/2001,1259,Test Fund,USD,Expense,22222,0,0,Test Account,0,2432457.234,-2432432398,0,2015.07.30 14:20:37,U,INVESTAI,I
1/1/2001,12/31/2001,1260,Test Fund,USD,Expense,22222,0,0,Test Account,0,2432458.234,-2432432397,0,2015.07.30 14:20:37,U,INVESTAI,I
1/1/2001,12/31/2001,1261,Test Fund,USD,Expense,22222,0,0,Test Account,0,2432459.234,-2432432396,0,2015.07.30 14:20:37,U,INVESTAI,I
1/1/2001,12/31/2001,1262,Test Fund,USD,Expense,22222,0,0,Test Account,0,2432460.234,-2432432395,0,2015.07.30 14:20:37,U,INVESTAI,I
1/1/2001,12/31/2001,1263,Test Fund,USD,Expense,22222,0,0,Test Account,0,2432461.234,-2432432394,0,2015.07.30 14:20:37,U,INVESTAI,I
1/1/2001,12/31/2001,1264,Test Fund,USD,Expense,22222,0,0,Test Account,0,2432462.234,-2432432393,0,2015.07.30 14:20:37,U,INVESTAI,I
1/1/2001,12/31/2001,1265,Test Fund,USD,Expense,22222,0,0,Test Account1,0,2432463.234,-2432432392,0,2015.07.30 14:20:37,U,INVESTAI,I
1/1/2001,12/31/2001,1266,Test Fund,USD,Expense,22222,0,0,Test Account1,0,2432464.234,-2432432391,0,2015.07.30 14:20:37,U,INVESTAI,I
1/1/2001,12/31/2001,1267,Test Fund,USD,Expense,22222,0,0,Test Account1,0,2432465.234,-2432432390,0,2015.07.30 14:20:37,U,INVESTAI,I
1/1/2001,12/31/2001,1268,Test Fund,USD,Expense,22222,0,0,Test Account1,0,2432466.234,-2432432389,0,2015.07.30 14:20:37,U,INVESTAI,I
1/1/2001,12/31/2001,1269,Test Fund,USD,Expense,22222,0,0,Test Account1,0,2432467.234,-2432432388,0,2015.07.30 14:20:37,U,INVESTAI,I
1/1/2001,12/31/2001,1270,Test Fund,USD,Expense,22222,0,0,Test Account1,0,2432468.234,-2432432387,0,2015.07.30 14:20:37,U,INVESTAI,I
1/1/2001,12/31/2001,1271,Test Fund,USD,Expense,22222,0,0,Test Account1,0,2432469.234,-2432432386,0,2015.07.30 14:20:37,U,INVESTAI,I
1/1/2001,12/31/2001,1272,Test Fund,USD,Expense,22222,0,0,Test Account1,0,2432470.234,-2432432385,0,2015.07.30 14:20:37,U,INVESTAI,I
1/1/2001,12/31/2001,1273,Test Fund,USD,Expense,22222,0,0,Test Account1,0,2432471.234,-2432432384,0,2015.07.30 14:20:37,U,INVESTAI,I
1/1/2001,12/31/2001,1274,Test Fund,USD,Expense,22222,0,0,Test Account1,0,2432472.234,-2432432383,0,2015.07.30 14:20:37,U,INVESTAI,I
1/1/2001,12/31/2001,1275,Test Fund,USD,Liabilities,22222,0,0,Test Account1,0,2432473.234,-2432432382,0,2015.07.30 14:20:37,U,INVESTAI,I
1/1/2001,12/31/2001,1276,Test Fund,USD,Liabilities,22222,0,0,Test Account1,0,2432474.234,-2432432381,0,2015.07.30 14:20:37,U,INVESTAI,I
1/1/2001,12/31/2001,1277,Test Fund,USD,Liabilities,33333,0,0,Test Account1,0,2432475.234,-2432432380,0,2015.07.30 14:20:37,U,INVESTAI,I
1/1/2001,12/31/2001,1278,Test Fund,USD,Liabilities,33333,0,0,Test Account1,0,2432476.234,-2432432379,0,2015.07.30 14:20:37,U,INVESTAI,I
1/1/2001,12/31/2001,1279,Test Fund,USD,Liabilities,33333,0,0,Test Account1,0,2432477.234,-2432432378,0,2015.07.30 14:20:37,U,INVESTAI,I
1/1/2001,12/31/2001,1280,Test Fund,USD,Liabilities,33333,0,0,Test Account1,0,2432478.234,-2432432377,0,2015.07.30 14:20:37,U,INVESTAI,I
1/1/2001,12/31/2001,1281,Test Fund,USD,Liabilities,33333,0,0,Test Account1,0,2432479.234,-2432432376,0,2015.07.30 14:20:37,U,INVESTAI,I
1/1/2001,12/31/2001,1282,Test Fund,USD,Liabilities,33333,0,0,Test Account1,0,2432480.234,-2432432375,0,2015.07.30 14:20:37,U,INVESTAI,I
1/1/2001,12/31/2001,1283,Test Fund,USD,Liabilities,33333,0,0,Test Account1,0,2432481.234,-2432432374,0,2015.07.30 14:20:37,U,INVESTAI,I
1/1/2001,12/31/2001,1284,Test Fund,USD,Liabilities,33333,0,0,Test Account1,0,2432482.234,-2432432373,0,2015.07.30 14:20:37,U,INVESTAI,I
1/1/2001,12/31/2001,1285,Test Fund,USD,Liabilities,33333,0,0,Test Account1,0,2432483.234,-2432432372,0,2015.07.30 14:20:37,U,INVESTAI,I
1/1/2001,12/31/2001,1286,Test Fund,USD,Liabilities,33333,0,0,Test Account1,0,2432484.234,-2432432371,0,2015.07.30 14:20:37,U,INVESTAI,I
1/1/2001,12/31/2001,1287,Test Fund,USD,Liabilities,33333,0,0,Test Account1,0,2432485.234,-2432432370,0,2015.07.30 14:20:37,U,INVESTAI,I
1/1/2001,12/31/2001,1288,Test Fund,USD,Liabilities,33333,0,0,Test Account1,0,2432486.234,-2432432369,0,2015.07.30 14:20:37,U,INVESTAI,I
1/1/2001,12/31/2001,1289,Test Fund,USD,Income,33333,0,0,Test Account1,0,2432487.234,-2432432368,0,2015.07.30 14:20:37,U,INVESTAI,I
1/1/2001,12/31/2001,1290,Test Fund,USD,Income,33333,0,0,Test Account1,0,2432488.234,-2432432367,0,2015.07.30 14:20:37,U,INVESTAI,I
1/1/2001,12/31/2001,1291,Test Fund,USD,Income,33333,0,0,Test Account1,0,2432489.234,-2432432366,0,2015.07.30 14:20:37,U,INVESTAI,I
1/1/2001,12/31/2001,1292,Test Fund,USD,Income,33333,0,0,Test Account1,0,2432490.234,-2432432365,0,2015.07.30 14:20:37,U,INVESTAI,I
1/1/2001,12/31/2001,1293,Test Fund,USD,Income,33333,0,0,Test Account1,0,2432491.234,-2432432364,0,2015.07.30 14:20:37,U,INVESTAI,I
1/1/2001,12/31/2001,1294,Test Fund,USD,Income,33333,0,0,Test Account1,0,2432492.234,-2432432363,0,2015.07.30 14:20:37,U,INVESTAI,I
1/1/2001,12/31/2001,1295,Test Fund,USD,Income,33333,0,0,Test Account1,0,2432493.234,-2432432362,0,2015.07.30 14:20:37,U,INVESTAI,I
1/1/2001,12/31/2001,1296,Test Fund,USD,Income,33333,0,0,Test Account1,0,2432494.234,-2432432361,0,2015.07.30 14:20:37,U,INVESTAI,I
1/1/2001,12/31/2001,1297,Test Fund,USD,Income,33333,0,0,Test Account1,0,2432495.234,-2432432360,0,2015.07.30 14:20:37,U,INVESTAI,I
1/1/2001,12/31/2001,1298,Test Fund,USD,Income,33333,0,0,Test Account1,0,2432496.234,-2432432359,0,2015.07.30 14:20:37,U,INVESTAI,I
1/1/2001,12/31/2001,1299,Test Fund,USD,Income,33333,0,0,Test Account1,0,2432497.234,-2432432358,0,2015.07.30 14:20:37,U,INVESTAI,I
1/1/2001,12/31/2001,1300,Test Fund,USD,Income,33333,0,0,Test Account1,0,2432498.234,-2432432357,0,2015.07.30 14:20:37,U,INVESTAI,I
1/1/2001,12/31/2001,1301,Test Fund,USD,Income,33333,0,0,Test Account1,0,2432499.234,-2432432356,0,2015.07.30 14:20:37,U,INVESTAI,I
1/1/2001,12/31/2001,1302,Test Fund,USD,Income,33333,0,0,Test Account1,0,2432500.234,-2432432355,0,2015.07.30 14:20:37,U,INVESTAI,I
1/1/2001,12/31/2001,1303,Test Fund,USD,Income,33333,0,0,Test Account1,0,2432501.234,-2432432354,0,2015.07.30 14:20:37,U,INVESTAI,I
1/1/2001,12/31/2001,1304,Test Fund,USD,Income,33333,0,0,Test Account1,0,2432502.234,-2432432353,0,2015.07.30 14:20:37,U,INVESTAI,I
1/1/2001,12/31/2001,1305,Test Fund,USD,Income,33333,0,0,Test Account1,0,2432503.234,-2432432352,0,2015.07.30 14:20:37,U,INVESTAI,I
1/1/2001,12/31/2001,1306,Test Fund,USD,Income,33333,0,0,Test Account1,0,2432504.234,-2432432351,0,2015.07.30 14:20:37,U,INVESTAI,I
1/1/2001,12/31/2001,1307,Test Fund,USD,Income,33333,0,0,Test Account1,0,2432505.234,-2432432350,0,2015.07.30 14:20:37,U,INVESTAI,I
1/1/2001,12/31/2001,1308,Test Fund,USD,Income,33333,0,0,Test Account1,0,2432506.234,-2432432349,0,2015.07.30 14:20:37,U,INVESTAI,I
1/1/2001,12/31/2001,1309,Test Fund,USD,Income,33333,0,0,Test Account1,0,2432507.234,-2432432348,0,2015.07.30 14:20:37,U,INVESTAI,I
1/1/2001,12/31/2001,1310,Test Fund,USD,Income,11111,0,0,Test Account1,0,2432508.234,-2432432347,0,2015.07.30 14:20:37,U,INVESTAI,I
1/1/2001,12/31/2001,1311,Test Fund,USD,Income,44444,0,0,Test Account1,0,2432509.234,-2432432346,0,2015.07.30 14:20:37,U,INVESTAI,I
1/1/2001,12/31/2001,1312,Test Fund,USD,Income,44444,0,0,Test Account1,0,2432510.234,-2432432345,0,2015.07.30 14:20:37,U,INVESTAI,I
1/1/2001,12/31/2001,1313,Test Fund,USD,Income,44444,0,0,Test Account2,0,2432511.234,-2432432344,0,2015.07.30 14:20:37,U,INVESTAI,I
1/1/2001,12/31/2001,1314,Test Fund,USD,Income,44444,0,0,Test Account2,0,2432512.234,-2432432343,0,2015.07.30 14:20:37,U,INVESTAI,I
1/1/2001,12/31/2001,1315,Test Fund,USD,Asset,44444,0,0,Test Account2,0,2432513.234,-2432432342,0,2015.07.30 14:20:37,U,INVESTAI,I
1/1/2001,12/31/2001,1316,Test Fund,USD,Asset,44444,0,0,Test Account2,0,2432514.234,-2432432341,0,2015.07.30 14:20:37,U,INVESTAI,I
1/1/2001,12/31/2001,1317,Test Fund,USD,Asset,44444,0,0,Test Account2,0,2432515.234,-2432432340,0,2015.07.30 14:20:37,U,INVESTAI,I
1/1/2001,12/31/2001,1318,Test Fund,USD,Asset,44444,0,0,Test Account2,0,2432516.234,-2432432339,0,2015.07.30 14:20:37,U,INVESTAI,I
1/1/2001,12/31/2001,1319,Test Fund,USD,Asset,44444,0,0,Test Account2,0,2432517.234,-2432432338,0,2015.07.30 14:20:37,U,INVESTAI,I
1/1/2001,12/31/2001,1320,Test Fund,USD,Asset,44444,0,0,Test Account2,0,2432518.234,-2432432337,0,2015.07.30 14:20:37,U,INVESTAI,I
1/1/2001,12/31/2001,1321,Test Fund,USD,Asset,44444,0,0,Test Account2,0,2432519.234,-2432432336,0,2015.07.30 14:20:37,U,INVESTAI,I
1/1/2001,12/31/2001,1322,Test Fund,USD,Asset,44444,0,0,Test Account2,0,2432520.234,-2432432335,0,2015.07.30 14:20:37,U,INVESTAI,I
1/1/2001,12/31/2001,1323,Test Fund,USD,Asset,44444,0,0,Test Account2,0,2432521.234,-2432432334,0,2015.07.30 14:20:37,U,INVESTAI,I
1/1/2001,12/31/2001,1324,Test Fund,USD,Asset,44444,0,0,Test Account2,0,2432522.234,-2432432333,0,2015.07.30 14:20:37,U,INVESTAI,I
1/1/2001,12/31/2001,1325,Test Fund,USD,Asset,44444,0,0,Test Account2,0,2432523.234,-2432432332,0,2015.07.30 14:20:37,U,INVESTAI,I
1/1/2001,12/31/2001,1326,Test Fund,USD,Asset,44444,0,0,Test Account2,0,2432524.234,-2432432331,0,2015.07.30 14:20:37,U,INVESTAI,I
1/1/2001,12/31/2001,1327,Test Fund,USD,Asset,44444,0,0,Test Account2,0,2432525.234,-2432432330,0,2015.07.30 14:20:37,U,INVESTAI,I
1/1/2001,12/31/2001,1328,Test Fund,USD,Asset,44444,0,0,Test Account2,0,2432526.234,-2432432329,0,2015.07.30 14:20:37,U,INVESTAI,I
1/1/2001,12/31/2001,1329,Test Fund,USD,Asset,44444,0,0,Test Account2,0,2432527.234,-2432432328,0,2015.07.30 14:20:37,U,INVESTAI,I
1/1/2001,12/31/2001,1330,Test Fund,USD,Patner's equity,44444,0,0,Test Account2,0,2432528.234,-2432432327,0,2015.07.30 14:20:37,U,INVESTAI,I
1/1/2001,12/31/2001,1331,Test Fund,USD,Patner's equity,44444,0,0,Test Account2,0,2432529.234,-2432432326,0,2015.07.30 14:20:37,U,INVESTAI,I
1/1/2001,12/31/2001,1332,Test Fund,USD,Patner's equity,44444,0,0,Test Account2,0,2432530.234,-2432432325,0,2015.07.30 14:20:37,U,INVESTAI,I
1/1/2001,12/31/2001,1333,Test Fund,USD,Patner's equity,44444,0,0,Test Account2,0,2432531.234,-2432432324,0,2015.07.30 14:20:37,U,INVESTAI,I
1/1/2001,12/31/2001,1334,Test Fund,USD,Patner's equity,44444,0,0,Test Account2,0,2432532.234,-2432432323,0,2015.07.30 14:20:37,U,INVESTAI,I
1/1/2001,12/31/2001,1335,Test Fund,USD,Patner's equity,44444,0,0,Test Account2,0,2432533.234,-2432432322,0,2015.07.30 14:20:37,U,INVESTAI,I
1/1/2001,12/31/2001,1336,Test Fund,USD,Patner's equity,44444,0,0,Test Account2,0,2432534.234,-2432432321,0,2015.07.30 14:20:37,U,INVESTAI,I
1/1/2001,12/31/2001,1337,Test Fund,USD,Patner's equity,44444,0,0,Test Account2,0,2432535.234,-2432432320,0,2015.07.30 14:20:37,U,INVESTAI,I
1/1/2001,12/31/2001,1338,Test Fund,USD,Patner's equity,44444,0,0,Test Account2,0,2432536.234,-2432432319,0,2015.07.30 14:20:37,U,INVESTAI,I
1/1/2001,12/31/2001,1339,Test Fund,USD,Patner's equity,44444,0,0,Test Account2,0,2432537.234,-2432432318,0,2015.07.30 14:20:37,U,INVESTAI,I
1/1/2001,12/31/2001,1340,Test Fund,USD,Patner's equity,44444,0,0,Test Account2,0,2432538.234,-2432432317,0,2015.07.30 14:20:37,U,INVESTAI,I
1/1/2001,12/31/2001,1341,Test Fund,USD,Patner's equity,44444,0,0,Test Account2,0,2432539.234,-2432432316,0,2015.07.30 14:20:37,U,INVESTAI,I
1/1/2001,12/31/2001,1342,Test Fund,USD,Patner's equity,44444,0,0,Test Account2,0,2432540.234,-2432432315,0,2015.07.30 14:20:37,U,INVESTAI,I
1/1/2001,12/31/2001,1343,Test Fund,USD,Patner's equity,11111,0,0,Test Account2,0,2432541.234,-2432432314,0,2015.07.30 14:20:37,U,INVESTAI,I
1/1/2001,12/31/2001,1344,Test Fund,USD,Patner's equity,11111,0,0,Test Account2,0,2432542.234,-2432432313,0,2015.07.30 14:20:37,U,INVESTAI,I
1/1/2001,12/31/2001,1345,Test Fund,USD,Patner's equity,11111,0,0,Test Account2,0,2432543.234,-2432432312,0,2015.07.30 14:20:37,U,INVESTAI,I
1/1/2001,12/31/2001,1346,Test Fund,USD,Patner's equity,11111,0,0,Test Account2,0,2432544.234,-2432432311,0,2015.07.30 14:20:37,U,INVESTAI,I
1/1/2001,12/31/2001,1347,Test Fund,USD,Patner's equity,11111,0,0,Test Account2,0,2432545.234,-2432432310,0,2015.07.30 14:20:37,U,INVESTAI,I
1/1/2001,12/31/2001,1348,Test Fund,USD,Patner's equity,11111,0,0,Test Account2,0,2432546.234,-2432432309,0,2015.07.30 14:20:37,U,INVESTAI,I
1/1/2001,12/31/2001,1349,Test Fund,USD,Patner's equity,11111,0,0,Test Account2,0,2432547.234,-2432432308,0,2015.07.30 14:20:37,U,INVESTAI,I
1/1/2001,12/31/2001,1350,Test Fund,USD,Patner's equity,11111,0,0,Test Account2,0,2432548.234,-2432432307,0,2015.07.30 14:20:37,U,INVESTAI,I
1/1/2001,12/31/2001,1351,Test Fund,USD,Patner's equity,11111,0,0,Test Account2,0,2432549.234,-2432432306,0,2015.07.30 14:20:37,U,INVESTAI,I
1/1/2001,12/31/2001,1352,Test Fund,USD,Patner's equity,11111,0,0,Test Account2,0,2432550.234,-2432432305,0,2015.07.30 14:20:37,U,INVESTAI,I
1/1/2001,12/31/2001,1353,Test Fund,USD,Patner's equity,11111,0,0,Test Account2,0,2432551.234,-2432432304,0,2015.07.30 14:20:37,U,INVESTAI,I
1/1/2001,12/31/2001,1354,Test Fund,USD,Patner's equity,11111,0,0,Test Account2,0,2432552.234,-2432432303,0,2015.07.30 14:20:37,U,INVESTAI,I
1/1/2001,12/31/2001,1355,Test Fund,USD,Patner's equity,11111,0,0,Test Account2,0,2432553.234,-2432432302,0,2015.07.30 14:20:37,U,INVESTAI,I
1/1/2001,12/31/2001,1356,Test Fund,USD,Patner's equity,11111,0,0,Test Account2,0,2432554.234,-2432432301,0,2015.07.30 14:20:37,U,INVESTAI,I
1/1/2001,12/31/2001,1357,Test Fund,USD,Patner's equity,11111,0,0,Test Account2,0,2432555.234,-2432432300,0,2015.07.30 14:20:37,U,INVESTAI,I
1/1/2001,12/31/2001,1358,Test Fund,USD,Patner's equity,11111,0,0,Test Account2,0,2432556.234,-2432432299,0,2015.07.30 14:20:37,U,INVESTAI,I
1/1/2001,12/31/2001,1359,Test Fund,USD,Patner's equity,11111,0,0,Test Account2,0,2432557.234,-2432432298,0,2015.07.30 14:20:37,U,INVESTAI,I
1/1/2001,12/31/2001,1360,Test Fund,USD,Patner's equity,11111,0,0,Test Account2,0,2432558.234,-2432432297,0,2015.07.30 14:20:37,U,INVESTAI,I
1/1/2001,12/31/2001,1361,Test Fund,USD,Patner's equity,11111,0,0,Test Account2,0,2432559.234,-2432432296,0,2015.07.30 14:20:37,U,INVESTAI,I
1/1/2001,12/31/2001,1362,Test Fund,USD,Asset,11111,0,0,Test Account2,0,2432560.234,-2432432295,0,2015.07.30 14:20:37,U,INVESTAI,I
1/1/2001,12/31/2001,1363,Test Fund,USD,Asset,11111,0,0,Test Account2,0,2432561.234,-2432432294,0,2015.07.30 14:20:37,U,INVESTAI,I
1/1/2001,12/31/2001,1364,Test Fund,USD,Asset,11111,0,0,Test Account2,0,2432562.234,-2432432293,0,2015.07.30 14:20:37,U,INVESTAI,I
1/1/2001,12/31/2001,1365,Test Fund,USD,Asset,11111,0,0,Test Account2,0,2432563.234,-2432432292,0,2015.07.30 14:20:37,U,INVESTAI,I
1/1/2001,12/31/2001,1366,Test Fund,USD,Asset,11111,0,0,Test Account2,0,2432564.234,-2432432291,0,2015.07.30 14:20:37,U,INVESTAI,I
1/1/2001,12/31/2001,1367,Test Fund,USD,Asset,11111,0,0,Test Account2,0,2432565.234,-2432432290,0,2015.07.30 14:20:37,U,INVESTAI,I
1/1/2001,12/31/2001,1368,Test Fund,USD,Asset,11111,0,0,Test Account2,0,2432566.234,-2432432289,0,2015.07.30 14:20:37,U,INVESTAI,I
1/1/2001,12/31/2001,1369,Test Fund,USD,Asset,11111,0,0,Test Account2,0,2432567.234,-2432432288,0,2015.07.30 14:20:37,U,INVESTAI,I
1/1/2001,12/31/2001,1370,Test Fund,USD,Asset,11111,0,0,Test Account2,0,2432568.234,-2432432287,0,2015.07.30 14:20:37,U,INVESTAI,I
1/1/2001,12/31/2001,1371,Test Fund,USD,Asset,11111,0,0,Test Account2,0,2432569.234,-2432432286,0,2015.07.30 14:20:37,U,INVESTAI,I
1/1/2001,12/31/2001,1372,Test Fund,USD,Asset,11111,0,0,Test Account2,0,2432570.234,-2432432285,0,2015.07.30 14:20:37,U,INVESTAI,I
1/1/2001,12/31/2001,1373,Test Fund,USD,Asset,11111,0,0,Test Account2,0,2432571.234,-2432432284,0,2015.07.30 14:20:37,U,INVESTAI,I
1/1/2001,12/31/2001,1374,Test Fund,USD,Asset,11111,0,0,Test Account2,0,2432572.234,-2432432283,0,2015.07.30 14:20:37,U,INVESTAI,I
1/1/2001,12/31/2001,1375,Test Fund,USD,Asset,11111,0,0,Test Account2,0,2432573.234,-2432432282,0,2015.07.30 14:20:37,U,INVESTAI,I
1/1/2001,12/31/2001,1376,Test Fund,USD,Asset,11111,0,0,Test Account3,0,2432574.234,-2432432281,0,2015.07.30 14:20:37,U,INVESTAI,I
1/1/2001,12/31/2001,1377,Test Fund,USD,Asset,11111,0,0,Test Account3,0,2432575.234,-2432432280,0,2015.07.30 14:20:37,U,INVESTAI,I
1/1/2001,12/31/2001,1378,Test Fund,USD,Asset,11111,0,0,Test Account3,0,2432576.234,-2432432279,0,2015.07.30 14:20:37,U,INVESTAI,I
1/1/2001,12/31/2001,1379,Test Fund,USD,Asset,11111,0,0,Test Account3,0,2432577.234,-2432432278,0,2015.07.30 14:20:37,U,INVESTAI,I
1/1/2001,12/31/2001,1380,Test Fund,USD,Asset,11111,0,0,Test Account3,0,2432578.234,-2432432277,0,2015.07.30 14:20:37,U,INVESTAI,I
1/1/2001,12/31/2001,1381,Test Fund,USD,Asset,11111,0,0,Test Account3,0,2432579.234,-2432432276,0,2015.07.30 14:20:37,U,INVESTAI,I
1/1/2001,12/31/2001,1382,Test Fund,USD,Asset,11111,0,0,Test Account3,0,2432580.234,-2432432275,0,2015.07.30 14:20:37,U,INVESTAI,I
1/1/2001,12/31/2001,1383,Test Fund,USD,Asset,11111,0,0,Test Account3,0,2432581.234,-2432432274,0,2015.07.30 14:20:37,U,INVESTAI,I
1/1/2001,12/31/2001,1384,Test Fund,USD,Asset,11111,0,0,Test Account3,0,2432582.234,-2432432273,0,2015.07.30 14:20:37,U,INVESTAI,I
1/1/2001,12/31/2001,1385,Test Fund,USD,Asset,11111,0,0,Test Account3,0,2432583.234,-2432432272,0,2015.07.30 14:20:37,U,INVESTAI,I
1/1/2001,12/31/2001,1386,Test Fund,USD,Asset,11111,0,0,Test Account3,0,2432584.234,-2432432271,0,2015.07.30 14:20:37,U,INVESTAI,I
1/1/2001,12/31/2001,1387,Test Fund,USD,Asset,11111,0,0,Test Account3,0,2432585.234,-2432432270,0,2015.07.30 14:20:37,U,INVESTAI,I
1/1/2001,12/31/2001,1388,Test Fund,USD,Asset,11111,0,0,Test Account3,0,2432586.234,-2432432269,0,2015.07.30 14:20:37,U,INVESTAI,I
1/1/2001,12/31/2001,1389,Test Fund,USD,Asset,11111,0,0,Test Account3,0,2432587.234,-2432432268,0,2015.07.30 14:20:37,U,INVESTAI,I
1/1/2001,12/31/2001,1390,Test Fund,USD,Asset,11111,0,0,Test Account3,0,2432588.234,-2432432267,0,2015.07.30 14:20:37,U,INVESTAI,I
1/1/2001,12/31/2001,1391,Test Fund,USD,Asset,11111,0,0,Test Account3,0,2432589.234,-2432432266,0,2015.07.30 14:20:37,U,INVESTAI,I
1/1/2001,12/31/2001,1392,Test Fund,USD,Asset,11111,0,0,Test Account3,0,2432590.234,-2432432265,0,2015.07.30 14:20:37,U,INVESTAI,I
1/1/2001,12/31/2001,1393,Test Fund,USD,Asset,11111,0,0,Test Account3,0,2432591.234,-2432432264,0,2015.07.30 14:20:37,U,INVESTAI,I
1/1/2001,12/31/2001,1394,Test Fund,USD,Asset,11111,0,0,Test Account3,0,2432592.234,-2432432263,0,2015.07.30 14:20:37,U,INVESTAI,I
1/1/2001,12/31/2001,1395,Test Fund,USD,Asset,11111,0,0,Test Account3,0,2432593.234,-2432432262,0,2015.07.30 14:20:37,U,INVESTAI,I
1/1/2001,12/31/2001,1396,Test Fund,USD,Asset,11111,0,0,Test Account3,0,2432594.234,-2432432261,0,2015.07.30 14:20:37,U,INVESTAI,I
1/1/2001,12/31/2001,1397,Test Fund,USD,Asset,11111,0,0,Test Account3,0,2432595.234,-2432432260,0,2015.07.30 14:20:37,U,INVESTAI,I
1/1/2001,12/31/2001,1398,Test Fund,USD,Asset,11111,0,0,Test Account3,0,2432596.234,-2432432259,0,2015.07.30 14:20:37,U,INVESTAI,I
1/1/2001,12/31/2001,1399,Test Fund,USD,Asset,11111,0,0,Test Account3,0,2432597.234,-2432432258,0,2015.07.30 14:20:37,U,INVESTAI,I
1/1/2001,12/31/2001,1400,Test Fund,USD,Asset,11111,0,0,Test Account3,0,2432598.234,-2432432257,0,2015.07.30 14:20:37,U,INVESTAI,I
1/1/2001,12/31/2001,1401,Test Fund,USD,Asset,11111,0,0,Test Account3,0,2432599.234,-2432432256,0,2015.07.30 14:20:37,U,INVESTAI,I
1/1/2001,12/31/2001,1402,Test Fund,USD,Asset,11111,0,0,Test Account3,0,2432600.234,-2432432255,0,2015.07.30 14:20:37,U,INVESTAI,I
1/1/2001,12/31/2001,1403,Test Fund,USD,Asset,11111,0,0,Test Account3,0,2432601.234,-2432432254,0,2015.07.30 14:20:37,U,INVESTAI,I
1/1/2001,12/31/2001,1404,Test Fund,USD,Asset,11111,0,0,Test Account3,0,2432602.234,-2432432253,0,2015.07.30 14:20:37,U,INVESTAI,I
1/1/2001,12/31/2001,1405,Test Fund,USD,Asset,11111,0,0,Test Account3,0,2432603.234,-2432432252,0,2015.07.30 14:20:37,U,INVESTAI,I
1/1/2001,12/31/2001,1406,Test Fund,USD,Asset,11111,0,0,Test Account3,0,2432604.234,-2432432251,0,2015.07.30 14:20:37,U,INVESTAI,I
1/1/2001,12/31/2001,1407,Test Fund,USD,Asset,11111,0,0,Test Account3,0,2432605.234,-2432432250,0,2015.07.30 14:20:37,U,INVESTAI,I
1/1/2001,12/31/2001,1408,Test Fund,USD,Asset,11111,0,0,Test Account3,0,2432606.234,-2432432249,0,2015.07.30 14:20:37,U,INVESTAI,I
1/1/2001,12/31/2001,1409,Test Fund,USD,Asset,11111,0,0,Test Account3,0,2432607.234,-2432432248,0,2015.07.30 14:20:37,U,INVESTAI,I
1/1/2001,12/31/2001,1410,Test Fund,USD,Asset,11111,0,0,Test Account3,0,2432608.234,-2432432247,0,2015.07.30 14:20:37,U,INVESTAI,I
1/1/2001,12/31/2001,1411,Test Fund,USD,Asset,11111,0,0,Test Account3,0,2432609.234,-2432432246,0,2015.07.30 14:20:37,U,INVESTAI,I
1/1/2001,12/31/2001,1412,Test Fund,USD,Asset,11111,0,0,Test Account3,0,2432610.234,-2432432245,0,2015.07.30 14:20:37,U,INVESTAI,I
1/1/2001,12/31/2001,1413,Test Fund,USD,Asset,11111,0,0,Test Account3,0,2432611.234,-2432432244,0,2015.07.30 14:20:37,U,INVESTAI,I
1/1/2001,12/31/2001,1414,Test Fund,USD,Asset,11111,0,0,Test Account3,0,2432612.234,-2432432243,0,2015.07.30 14:20:37,U,INVESTAI,I
1/1/2001,12/31/2001,1415,Test Fund,USD,Asset,11111,0,0,Test Account3,0,2432613.234,-2432432242,0,2015.07.30 14:20:37,U,INVESTAI,I
1/1/2001,12/31/2001,1416,Test Fund,USD,Asset,11111,0,0,Test Account3,0,2432614.234,-2432432241,0,2015.07.30 14:20:37,U,INVESTAI,I
1/1/2001,12/31/2001,1417,Test Fund,USD,Asset,11111,0,0,Test Account3,0,2432615.234,-2432432240,0,2015.07.30 14:20:37,U,INVESTAI,I
1/1/2001,12/31/2001,1418,Test Fund,USD,Asset,11111,0,0,Test Account3,0,2432616.234,-2432432239,0,2015.07.30 14:20:37,U,INVESTAI,I
1/1/2001,12/31/2001,1419,Test Fund,USD,Asset,11111,0,0,Test Account3,0,2432617.234,-2432432238,0,2015.07.30 14:20:37,U,INVESTAI,I
1/1/2001,12/31/2001,1420,Test Fund,USD,Asset,11111,0,0,Test Account3,0,2432618.234,-2432432237,0,2015.07.30 14:20:37,U,INVESTAI,I
1/1/2001,12/31/2001,1421,Test Fund,USD,Asset,11111,0,0,Test Account3,0,2432619.234,-2432432236,0,2015.07.30 14:20:37,U,INVESTAI,I
1/1/2001,12/31/2001,1422,Test Fund,USD,Asset,11111,0,0,Test Account3,0,2432620.234,-2432432235,0,2015.07.30 14:20:37,U,INVESTAI,I
1/1/2001,12/31/2001,1423,Test Fund,USD,Asset,11111,0,0,Test Account3,0,2432621.234,-2432432234,0,2015.07.30 14:20:37,U,INVESTAI,I
1/1/2001,12/31/2001,1424,Test Fund,USD,Asset,11111,0,0,Test Account3,0,2432622.234,-2432432233,0,2015.07.30 14:20:37,U,INVESTAI,I
1/1/2001,12/31/2001,1425,Test Fund,USD,Asset,11111,0,0,Test Account3,0,2432623.234,-2432432232,0,2015.07.30 14:20:37,U,INVESTAI,I
1/1/2001,12/31/2001,1426,Test Fund,USD,Asset,11111,0,0,Test Account3,0,2432624.234,-2432432231,0,2015.07.30 14:20:37,U,INVESTAI,I
1/1/2001,12/31/2001,1427,Test Fund,USD,Asset,11111,0,0,Test Account3,0,2432625.234,-2432432230,0,2015.07.30 14:20:37,U,INVESTAI,I
1/1/2001,12/31/2001,1428,Test Fund,USD,Asset,11111,0,0,Test Account3,0,2432626.234,-2432432229,0,2015.07.30 14:20:37,U,INVESTAI,I
1/1/2001,12/31/2001,1429,Test Fund,USD,Asset,11111,0,0,Test Account3,0,2432627.234,-2432432228,0,2015.07.30 14:20:37,U,INVESTAI,I
1/1/2001,12/31/2001,1430,Test Fund,USD,Asset,11111,0,0,Test Account3,0,2432628.234,-2432432227,0,2015.07.30 14:20:37,U,INVESTAI,I
1/1/2001,12/31/2001,1431,Test Fund,USD,Asset,11111,0,0,Test Account3,0,2432629.234,-2432432226,0,2015.07.30 14:20:37,U,INVESTAI,I
1/1/2001,12/31/2001,1432,Test Fund,USD,Asset,11111,0,0,Test Account3,0,2432630.234,-2432432225,0,2015.07.30 14:20:37,U,INVESTAI,I
1/1/2001,12/31/2001,1433,Test Fund,USD,Asset,11111,0,0,Test Account3,0,2432631.234,-2432432224,0,2015.07.30 14:20:37,U,INVESTAI,I
1/1/2001,12/31/2001,1434,Test Fund,USD,Asset,11111,0,0,Test Account3,0,2432632.234,-2432432223,0,2015.07.30 14:20:37,U,INVESTAI,I
1/1/2001,12/31/2001,1435,Test Fund,USD,Asset,11111,0,0,Test Account3,0,2432633.234,-2432432222,0,2015.07.30 14:20:37,U,INVESTAI,I
1/1/2001,12/31/2001,1436,Test Fund,USD,Asset,11111,0,0,Test Account3,0,2432634.234,-2432432221,0,2015.07.30 14:20:37,U,INVESTAI,I
1/1/2001,12/31/2001,1437,Test Fund,USD,Asset,11111,0,0,Test Account3,0,2432635.234,-2432432220,0,2015.07.30 14:20:37,U,INVESTAI,I
1/1/2001,12/31/2001,1438,Test Fund,USD,Asset,11111,0,0,Test Account3,0,2432636.234,-2432432219,0,2015.07.30 14:20:37,U,INVESTAI,I
1/1/2001,12/31/2001,1439,Test Fund,USD,Asset,11111,0,0,Test Account3,0,2432637.234,-2432432218,0,2015.07.30 14:20:37,U,INVESTAI,I
1/1/2001,12/31/2001,1440,Test Fund,USD,Asset,11111,0,0,Test Account3,0,2432638.234,-2432432217,0,2015.07.30 14:20:37,U,INVESTAI,I
1/1/2001,12/31/2001,1441,Test Fund,USD,Asset,11111,0,0,Test Account3,0,2432639.234,-2432432216,0,2015.07.30 14:20:37,U,INVESTAI,I
1/1/2001,12/31/2001,1442,Test Fund,USD,Asset,11111,0,0,Test Account3,0,2432640.234,-2432432215,0,2015.07.30 14:20:37,U,INVESTAI,I
1/1/2001,12/31/2001,1443,Test Fund,USD,Asset,11111,0,0,Test Account3,0,2432641.234,-2432432214,0,2015.07.30 14:20:37,U,INVESTAI,I
1/1/2001,12/31/2001,1444,Test Fund,USD,Asset,11111,0,0,Test Account3,0,2432642.234,-2432432213,0,2015.07.30 14:20:37,U,INVESTAI,I
1/1/2001,12/31/2001,1445,Test Fund,USD,Asset,11111,0,0,Test Account3,0,2432643.234,-2432432212,0,2015.07.30 14:20:37,U,INVESTAI,I
1/1/2001,12/31/2001,1446,Test Fund,USD,Asset,11111,0,0,Test Account3,0,2432644.234,-2432432211,0,2015.07.30 14:20:37,U,INVESTAI,I
1/1/2001,12/31/2001,1447,Test Fund,USD,Asset,11111,0,0,Test Account3,0,2432645.234,-2432432210,0,2015.07.30 14:20:37,U,INVESTAI,I
1/1/2001,12/31/2001,1448,Test Fund,USD,Asset,11111,0,0,Test Account3,0,2432646.234,-2432432209,0,2015.07.30 14:20:37,U,INVESTAI,I
1/1/2001,12/31/2001,1449,Test Fund,USD,Asset,11111,0,0,Test Account3,0,2432647.234,-2432432208,0,2015.07.30 14:20:37,U,INVESTAI,I
1/1/2001,12/31/2001,1450,Test Fund,USD,Asset,11111,0,0,Test Account3,0,2432648.234,-2432432207,0,2015.07.30 14:20:37,U,INVESTAI,I
1/1/2001,12/31/2001,1451,Test Fund,USD,Asset,11111,0,0,Test Account3,0,2432649.234,-2432432206,0,2015.07.30 14:20:37,U,INVESTAI,I
1/1/2001,12/31/2001,1452,Test Fund,USD,Asset,11111,0,0,Test Account3,0,2432650.234,-2432432205,0,2015.07.30 14:20:37,U,INVESTAI,I
1/1/2001,12/31/2001,1453,Test Fund,USD,Asset,11111,0,0,Test Account3,0,2432651.234,-2432432204,0,2015.07.30 14:20:37,U,INVESTAI,I
1/1/2001,12/31/2001,1454,Test Fund,USD,Asset,11111,0,0,Test Account3,0,2432652.234,-2432432203,0,2015.07.30 14:20:37,U,INVESTAI,I
1/1/2001,12/31/2001,1455,Test Fund,USD,Asset,11111,0,0,Test Account3,0,2432653.234,-2432432202,0,2015.07.30 14:20:37,U,INVESTAI,I
1/1/2001,12/31/2001,1456,Test Fund,USD,Asset,11111,0,0,Test Account3,0,2432654.234,-2432432201,0,2015.07.30 14:20:37,U,INVESTAI,I
1/1/2001,12/31/2001,1457,Test Fund,USD,Asset,11111,0,0,Test Account3,0,2432655.234,-2432432200,0,2015.07.30 14:20:37,U,INVESTAI,I
1/1/2001,12/31/2001,1458,Test Fund,USD,Asset,11111,0,0,Test Account3,0,2432656.234,-2432432199,0,2015.07.30 14:20:37,U,INVESTAI,I
1/1/2001,12/31/2001,1459,Test Fund,USD,Asset,11111,0,0,Test Account3,0,2432657.234,-2432432198,0,2015.07.30 14:20:37,U,INVESTAI,I
1/1/2001,12/31/2001,1460,Test Fund,USD,Asset,11111,0,0,Test Account3,0,2432658.234,-2432432197,0,2015.07.30 14:20:37,U,INVESTAI,I
1/1/2001,12/31/2001,1461,Test Fund,USD,Asset,11111,0,0,Test Account3,0,2432659.234,-2432432196,0,2015.07.30 14:20:37,U,INVESTAI,I
1/1/2001,12/31/2001,1462,Test Fund,USD,Asset,11111,0,0,Test Account3,0,2432660.234,-2432432195,0,2015.07.30 14:20:37,U,INVESTAI,I
1/1/2001,12/31/2001,1463,Test Fund,USD,Asset,11111,0,0,Test Account3,0,2432661.234,-2432432194,0,2015.07.30 14:20:37,U,INVESTAI,I
1/1/2001,12/31/2001,1464,Test Fund,USD,Asset,11111,0,0,Test Account3,0,2432662.234,-2432432193,0,2015.07.30 14:20:37,U,INVESTAI,I
1/1/2001,12/31/2001,1465,Test Fund,USD,Asset,11111,0,0,Test Account3,0,2432663.234,-2432432192,0,2015.07.30 14:20:37,U,INVESTAI,I
1/1/2001,12/31/2001,1466,Test Fund,USD,Asset,11111,0,0,Test Account3,0,2432664.234,-2432432191,0,2015.07.30 14:20:37,U,INVESTAI,I
1/1/2001,12/31/2001,1467,Test Fund,USD,Asset,11111,0,0,Test Account3,0,2432665.234,-2432432190,0,2015.07.30 14:20:37,U,INVESTAI,I
1/1/2001,12/31/2001,1468,Test Fund,USD,Asset,11111,0,0,Test Account3,0,2432666.234,-2432432189,0,2015.07.30 14:20:37,U,INVESTAI,I
1/1/2001,12/31/2001,1469,Test Fund,USD,Asset,11111,0,0,Test Account3,0,2432667.234,-2432432188,0,2015.07.30 14:20:37,U,INVESTAI,I
1/1/2001,12/31/2001,1470,Test Fund,USD,Asset,11111,0,0,Test Account3,0,2432668.234,-2432432187,0,2015.07.30 14:20:37,U,INVESTAI,I
1/1/2001,12/31/2001,1471,Test Fund,USD,Asset,11111,0,0,Test Account3,0,2432669.234,-2432432186,0,2015.07.30 14:20:37,U,INVESTAI,I
1/1/2001,12/31/2001,1472,Test Fund,USD,Asset,11111,0,0,Test Account3,0,2432670.234,-2432432185,0,2015.07.30 14:20:37,U,INVESTAI,I
1/1/2001,12/31/2001,1473,Test Fund,USD,Asset,11111,0,0,Test Account3,0,2432671.234,-2432432184,0,2015.07.30 14:20:37,U,INVESTAI,I
1/1/2001,12/31/2001,1474,Test Fund,USD,Asset,11111,0,0,Test Account3,0,2432672.234,-2432432183,0,2015.07.30 14:20:37,U,INVESTAI,I
1/1/2001,12/31/2001,1475,Test Fund,USD,Asset,11111,0,0,Test Account4,0,2432673.234,-2432432182,0,2015.07.30 14:20:37,U,INVESTAI,I
1/1/2001,12/31/2001,1476,Test Fund,USD,Asset,11111,0,0,Test Account4,0,2432674.234,-2432432181,0,2015.07.30 14:20:37,U,INVESTAI,I
1/1/2001,12/31/2001,1477,Test Fund,USD,Asset,11111,0,0,Test Account4,0,2432675.234,-2432432180,0,2015.07.30 14:20:37,U,INVESTAI,I
1/1/2001,12/31/2001,1478,Test Fund,USD,Asset,11111,0,0,Test Account4,0,2432676.234,-2432432179,0,2015.07.30 14:20:37,U,INVESTAI,I
1/1/2001,12/31/2001,1479,Test Fund,USD,Asset,11111,0,0,Test Account4,0,2432677.234,-2432432178,0,2015.07.30 14:20:37,U,INVESTAI,I
1/1/2001,12/31/2001,1480,Test Fund,USD,Asset,11111,0,0,Test Account4,0,2432678.234,-2432432177,0,2015.07.30 14:20:37,U,INVESTAI,I
1/1/2001,12/31/2001,1481,Test Fund,USD,Asset,11111,0,0,Test Account4,0,2432679.234,-2432432176,0,2015.07.30 14:20:37,U,INVESTAI,I
1/1/2001,12/31/2001,1482,Test Fund,USD,Asset,11111,0,0,Test Account4,0,2432680.234,-2432432175,0,2015.07.30 14:20:37,U,INVESTAI,I
1/1/2001,12/31/2001,1483,Test Fund,USD,Asset,11111,0,0,Test Account4,0,2432681.234,-2432432174,0,2015.07.30 14:20:37,U,INVESTAI,I
1/1/2001,12/31/2001,1484,Test Fund,USD,Asset,11111,0,0,Test Account4,0,2432682.234,-2432432173,0,2015.07.30 14:20:37,U,INVESTAI,I
1/1/2001,12/31/2001,1485,Test Fund,USD,Asset,11111,0,0,Test Account4,0,2432683.234,-2432432172,0,2015.07.30 14:20:37,U,INVESTAI,I
1/1/2001,12/31/2001,1486,Test Fund,USD,Asset,11111,0,0,Test Account4,0,2432684.234,-2432432171,0,2015.07.30 14:20:37,U,INVESTAI,I
1/1/2001,12/31/2001,1487,Test Fund,USD,Asset,11111,0,0,Test Account4,0,2432685.234,-2432432170,0,2015.07.30 14:20:37,U,INVESTAI,I
1/1/2001,12/31/2001,1488,Test Fund,USD,Asset,11111,0,0,Test Account4,0,2432686.234,-2432432169,0,2015.07.30 14:20:37,U,INVESTAI,I
1/1/2001,12/31/2001,1489,Test Fund,USD,Asset,11111,0,0,Test Account4,0,2432687.234,-2432432168,0,2015.07.30 14:20:37,U,INVESTAI,I
1/1/2001,12/31/2001,1490,Test Fund,USD,Asset,11111,0,0,Test Account4,0,2432688.234,-2432432167,0,2015.07.30 14:20:37,U,INVESTAI,I
1/1/2001,12/31/2001,1491,Test Fund,USD,Asset,11111,0,0,Test Account4,0,2432689.234,-2432432166,0,2015.07.30 14:20:37,U,INVESTAI,I
1/1/2001,12/31/2001,1492,Test Fund,USD,Asset,11111,0,0,Test Account4,0,2432690.234,-2432432165,0,2015.07.30 14:20:37,U,INVESTAI,I
1/1/2001,12/31/2001,1493,Test Fund,USD,Asset,11111,0,0,Test Account4,0,2432691.234,-2432432164,0,2015.07.30 14:20:37,U,INVESTAI,I
1/1/2001,12/31/2001,1494,Test Fund,USD,Asset,11111,0,0,Test Account4,0,2432692.234,-2432432163,0,2015.07.30 14:20:37,U,INVESTAI,I
1/1/2001,12/31/2001,1495,Test Fund,USD,Asset,11111,0,0,Test Account4,0,2432693.234,-2432432162,0,2015.07.30 14:20:37,U,INVESTAI,I
1/1/2001,12/31/2001,1496,Test Fund,USD,Asset,11111,0,0,Test Account4,0,2432694.234,-2432432161,0,2015.07.30 14:20:37,U,INVESTAI,I
1/1/2001,12/31/2001,1497,Test Fund,USD,Asset,11111,0,0,Test Account4,0,2432695.234,-2432432160,0,2015.07.30 14:20:37,U,INVESTAI,I
1/1/2001,12/31/2001,1498,Test Fund,USD,Asset,11111,0,0,Test Account4,0,2432696.234,-2432432159,0,2015.07.30 14:20:37,U,INVESTAI,I
1/1/2001,12/31/2001,1499,Test Fund,USD,Asset,11111,0,0,Test Account4,0,2432697.234,-2432432158,0,2015.07.30 14:20:37,U,INVESTAI,I
1/1/2001,12/31/2001,1500,Test Fund,USD,Asset,11111,0,0,Test Account4,0,2432698.234,-2432432157,0,2015.07.30 14:20:37,U,INVESTAI,I
1/1/2001,12/31/2001,1501,Test Fund,USD,Asset,11111,0,0,Test Account4,0,2432699.234,-2432432156,0,2015.07.30 14:20:37,U,INVESTAI,I
1/1/2001,12/31/2001,1502,Test Fund,USD,Asset,11111,0,0,Test Account4,0,2432700.234,-2432432155,0,2015.07.30 14:20:37,U,INVESTAI,I
1/1/2001,12/31/2001,1503,Test Fund,USD,Asset,11111,0,0,Test Account4,0,2432701.234,-2432432154,0,2015.07.30 14:20:37,U,INVESTAI,I
1/1/2001,12/31/2001,1504,Test Fund,USD,Asset,11111,0,0,Test Account4,0,2432702.234,-2432432153,0,2015.07.30 14:20:37,U,INVESTAI,I
1/1/2001,12/31/2001,1505,Test Fund,USD,Asset,11111,0,0,Test Account4,0,2432703.234,-2432432152,0,2015.07.30 14:20:37,U,INVESTAI,I
1/1/2001,12/31/2001,1506,Test Fund,USD,Asset,11111,0,0,Test Account4,0,2432704.234,-2432432151,0,2015.07.30 14:20:37,U,INVESTAI,I
1/1/2001,12/31/2001,1507,Test Fund,USD,Asset,11111,0,0,Test Account4,0,2432705.234,-2432432150,0,2015.07.30 14:20:37,U,INVESTAI,I
1/1/2001,12/31/2001,1508,Test Fund,USD,Asset,11111,0,0,Test Account4,0,2432706.234,-2432432149,0,2015.07.30 14:20:37,U,INVESTAI,I
1/1/2001,12/31/2001,1509,Test Fund,USD,Asset,11111,0,0,Test Account4,0,2432707.234,-2432432148,0,2015.07.30 14:20:37,U,INVESTAI,I
1/1/2001,12/31/2001,1510,Test Fund,USD,Asset,11111,0,0,Test Account4,0,2432708.234,-2432432147,0,2015.07.30 14:20:37,U,INVESTAI,I
1/1/2001,12/31/2001,1511,Test Fund,USD,Asset,11111,0,0,Test Account4,0,2432709.234,-2432432146,0,2015.07.30 14:20:37,U,INVESTAI,I
1/1/2001,12/31/2001,1512,Test Fund,USD,Asset,11111,0,0,Test Account4,0,2432710.234,-2432432145,0,2015.07.30 14:20:37,U,INVESTAI,I
1/1/2001,12/31/2001,1513,Test Fund,USD,Asset,11111,0,0,Test Account4,0,2432711.234,-2432432144,0,2015.07.30 14:20:37,U,INVESTAI,I
1/1/2001,12/31/2001,1514,Test Fund,USD,Asset,11111,0,0,Test Account4,0,2432712.234,-2432432143,0,2015.07.30 14:20:37,U,INVESTAI,I
1/1/2001,12/31/2001,1515,Test Fund,USD,Asset,11111,0,0,Test Account4,0,2432713.234,-2432432142,0,2015.07.30 14:20:37,U,INVESTAI,I
1/1/2001,12/31/2001,1516,Test Fund,USD,Asset,11111,0,0,Test Account4,0,2432714.234,-2432432141,0,2015.07.30 14:20:37,U,INVESTAI,I
1/1/2001,12/31/2001,1517,Test Fund,USD,Asset,11111,0,0,Test Account4,0,2432715.234,-2432432140,0,2015.07.30 14:20:37,U,INVESTAI,I
1/1/2001,12/31/2001,1518,Test Fund,USD,Asset,11111,0,0,Test Account4,0,2432716.234,-2432432139,0,2015.07.30 14:20:37,U,INVESTAI,I
1/1/2001,12/31/2001,1519,Test Fund,USD,Asset,11111,0,0,Test Account4,0,2432717.234,-2432432138,0,2015.07.30 14:20:37,U,INVESTAI,I
1/1/2001,12/31/2001,1520,Test Fund,USD,Asset,11111,0,0,Test Account4,0,2432718.234,-2432432137,0,2015.07.30 14:20:37,U,INVESTAI,I
1/1/2001,12/31/2001,1521,Test Fund,USD,Asset,11111,0,0,Test Account4,0,2432719.234,-2432432136,0,2015.07.30 14:20:37,U,INVESTAI,I
1/1/2001,12/31/2001,1522,Test Fund,USD,Asset,11111,0,0,Test Account4,0,2432720.234,-2432432135,0,2015.07.30 14:20:37,U,INVESTAI,I
1/1/2001,12/31/2001,1523,Test Fund,USD,Asset,11111,0,0,Test Account4,0,2432721.234,-2432432134,0,2015.07.30 14:20:37,U,INVESTAI,I
1/1/2001,12/31/2001,1524,Test Fund,USD,Asset,11111,0,0,Test Account4,0,2432722.234,-2432432133,0,2015.07.30 14:20:37,U,INVESTAI,I
1/1/2001,12/31/2001,1525,Test Fund,USD,Asset,11111,0,0,Test Account4,0,2432723.234,-2432432132,0,2015.07.30 14:20:37,U,INVESTAI,I
1/1/2001,12/31/2001,1526,Test Fund,USD,Asset,11111,0,0,Test Account4,0,2432724.234,-2432432131,0,2015.07.30 14:20:37,U,INVESTAI,I
1/1/2001,12/31/2001,1527,Test Fund,USD,Asset,11111,0,0,Test Account4,0,2432725.234,-2432432130,0,2015.07.30 14:20:37,U,INVESTAI,I
1/1/2001,12/31/2001,1528,Test Fund,USD,Asset,11111,0,0,Test Account4,0,2432726.234,-2432432129,0,2015.07.30 14:20:37,U,INVESTAI,I
1/1/2001,12/31/2001,1529,Test Fund,USD,Asset,11111,0,0,Test Account4,0,2432727.234,-2432432128,0,2015.07.30 14:20:37,U,INVESTAI,I
1/1/2001,12/31/2001,1530,Test Fund,USD,Asset,11111,0,0,Test Account4,0,2432728.234,-2432432127,0,2015.07.30 14:20:37,U,INVESTAI,I
1/1/2001,12/31/2001,1531,Test Fund,USD,Asset,11111,0,0,Test Account4,0,2432729.234,-2432432126,0,2015.07.30 14:20:37,U,INVESTAI,I
1/1/2001,12/31/2001,1532,Test Fund,USD,Asset,11111,0,0,Test Account4,0,2432730.234,-2432432125,0,2015.07.30 14:20:37,U,INVESTAI,I
1/1/2001,12/31/2001,1533,Test Fund,USD,Asset,11111,0,0,Test Account4,0,2432731.234,-2432432124,0,2015.07.30 14:20:37,U,INVESTAI,I
1/1/2001,12/31/2001,1534,Test Fund,USD,Asset,11111,0,0,Test Account4,0,2432732.234,-2432432123,0,2015.07.30 14:20:37,U,INVESTAI,I
1/1/2001,12/31/2001,1535,Test Fund,USD,Asset,11111,0,0,Test Account4,0,2432733.234,-2432432122,0,2015.07.30 14:20:37,U,INVESTAI,I
1/1/2001,12/31/2001,1536,Test Fund,USD,Asset,11111,0,0,Test Account4,0,2432734.234,-2432432121,0,2015.07.30 14:20:37,U,INVESTAI,I
1/1/2001,12/31/2001,1537,Test Fund,USD,Asset,11111,0,0,Test Account4,0,2432735.234,-2432432120,0,2015.07.30 14:20:37,U,INVESTAI,I
1/1/2001,12/31/2001,1538,Test Fund,USD,Asset,11111,0,0,Test Account4,0,2432736.234,-2432432119,0,2015.07.30 14:20:37,U,INVESTAI,I
1/1/2001,12/31/2001,1539,Test Fund,USD,Asset,11111,0,0,Test Account4,0,2432737.234,-2432432118,0,2015.07.30 14:20:37,U,INVESTAI,I
1/1/2001,12/31/2001,1540,Test Fund,USD,Asset,11111,0,0,Test Account4,0,2432738.234,-2432432117,0,2015.07.30 14:20:37,U,INVESTAI,I
1/1/2001,12/31/2001,1541,Test Fund,USD,Asset,11111,0,0,Test Account4,0,2432739.234,-2432432116,0,2015.07.30 14:20:37,U,INVESTAI,I
1/1/2001,12/31/2001,1542,Test Fund,USD,Asset,11111,0,0,Test Account4,0,2432740.234,-2432432115,0,2015.07.30 14:20:37,U,INVESTAI,I
1/1/2001,12/31/2001,1543,Test Fund,USD,Asset,11111,0,0,Test Account4,0,2432741.234,-2432432114,0,2015.07.30 14:20:37,U,INVESTAI,I
1/1/2001,12/31/2001,1544,Test Fund,USD,Asset,11111,0,0,Test Account4,0,2432742.234,-2432432113,0,2015.07.30 14:20:37,U,INVESTAI,I
1/1/2001,12/31/2001,1545,Test Fund,USD,Asset,11111,0,0,Test Account4,0,2432743.234,-2432432112,0,2015.07.30 14:20:37,U,INVESTAI,I
1/1/2001,12/31/2001,1546,Test Fund,USD,Asset,11111,0,0,Test Account4,0,2432744.234,-2432432111,0,2015.07.30 14:20:37,U,INVESTAI,I
1/1/2001,12/31/2001,1547,Test Fund,USD,Asset,11111,0,0,Test Account4,0,2432745.234,-2432432110,0,2015.07.30 14:20:37,U,INVESTAI,I
1/1/2001,12/31/2001,1548,Test Fund,USD,Asset,11111,0,0,Test Account4,0,2432746.234,-2432432109,0,2015.07.30 14:20:37,U,INVESTAI,I
1/1/2001,12/31/2001,1549,Test Fund,USD,Asset,11111,0,0,Test Account4,0,2432747.234,-2432432108,0,2015.07.30 14:20:37,U,INVESTAI,I
1/1/2001,12/31/2001,1550,Test Fund,USD,Asset,11111,0,0,Test Account4,0,2432748.234,-2432432107,0,2015.07.30 14:20:37,U,INVESTAI,I
1/1/2001,12/31/2001,1551,Test Fund,USD,Asset,11111,0,0,Test Account4,0,2432749.234,-2432432106,0,2015.07.30 14:20:37,U,INVESTAI,I
1/1/2001,12/31/2001,1552,Test Fund,USD,Asset,11111,0,0,Test Account4,0,2432750.234,-2432432105,0,2015.07.30 14:20:37,U,INVESTAI,I
1/1/2001,12/31/2001,1553,Test Fund,USD,Asset,11111,0,0,Test Account4,0,2432751.234,-2432432104,0,2015.07.30 14:20:37,U,INVESTAI,I
1/1/2001,12/31/2001,1554,Test Fund,USD,Asset,11111,0,0,Test Account4,0,2432752.234,-2432432103,0,2015.07.30 14:20:37,U,INVESTAI,I
1/1/2001,12/31/2001,1555,Test Fund,USD,Asset,11111,0,0,Test Account4,0,2432753.234,-2432432102,0,2015.07.30 14:20:37,U,INVESTAI,I
1/1/2001,12/31/2001,1556,Test Fund,USD,Asset,11111,0,0,Test Account4,0,2432754.234,-2432432101,0,2015.07.30 14:20:37,U,INVESTAI,I
1/1/2001,12/31/2001,1557,Test Fund,USD,Asset,11111,0,0,Test Account4,0,2432755.234,-2432432100,0,2015.07.30 14:20:37,U,INVESTAI,I
1/1/2001,12/31/2001,1558,Test Fund,USD,Asset,11111,0,0,Test Account4,0,2432756.234,-2432432099,0,2015.07.30 14:20:37,U,INVESTAI,I
1/1/2001,12/31/2001,1559,Test Fund,USD,Asset,11111,0,0,Test Account4,0,2432757.234,-2432432098,0,2015.07.30 14:20:37,U,INVESTAI,I
1/1/2001,12/31/2001,1560,Test Fund,USD,Asset,11111,0,0,Test Account4,0,2432758.234,-2432432097,0,2015.07.30 14:20:37,U,INVESTAI,I
1/1/2001,12/31/2001,1561,Test Fund,USD,Asset,11111,0,0,Test Account4,0,2432759.234,-2432432096,0,2015.07.30 14:20:37,U,INVESTAI,I
1/1/2001,12/31/2001,1562,Test Fund,USD,Asset,11111,0,0,Test Account4,0,2432760.234,-2432432095,0,2015.07.30 14:20:37,U,INVESTAI,I
1/1/2001,12/31/2001,1563,Test Fund,USD,Asset,11111,0,0,Test Account4,0,2432761.234,-2432432094,0,2015.07.30 14:20:37,U,INVESTAI,I
1/1/2001,12/31/2001,1564,Test Fund,USD,Asset,11111,0,0,Test Account4,0,2432762.234,-2432432093,0,2015.07.30 14:20:37,U,INVESTAI,I
1/1/2001,12/31/2001,1565,Test Fund,USD,Asset,11111,0,0,Test Account4,0,2432763.234,-2432432092,0,2015.07.30 14:20:37,U,INVESTAI,I
1/1/2001,12/31/2001,1566,Test Fund,USD,Asset,11111,0,0,Test Account4,0,2432764.234,-2432432091,0,2015.07.30 14:20:37,U,INVESTAI,I
1/1/2001,12/31/2001,1567,Test Fund,USD,Asset,11111,0,0,Test Account4,0,2432765.234,-2432432090,0,2015.07.30 14:20:37,U,INVESTAI,I
1/1/2001,12/31/2001,1568,Test Fund,USD,Asset,11111,0,0,Test Account4,0,2432766.234,-2432432089,0,2015.07.30 14:20:37,U,INVESTAI,I
1/1/2001,12/31/2001,1569,Test Fund,USD,Asset,11111,0,0,Test Account4,0,2432767.234,-2432432088,0,2015.07.30 14:20:37,U,INVESTAI,I
1/1/2001,12/31/2001,1570,Test Fund,USD,Asset,11111,0,0,Test Account4,0,2432768.234,-2432432087,0,2015.07.30 14:20:37,U,INVESTAI,I
1/1/2001,12/31/2001,1571,Test Fund,USD,Asset,11111,0,0,Test Account4,0,2432769.234,-2432432086,0,2015.07.30 14:20:37,U,INVESTAI,I
1/1/2001,12/31/2001,1572,Test Fund,USD,Asset,11111,0,0,Test Account4,0,2432770.234,-2432432085,0,2015.07.30 14:20:37,U,INVESTAI,I
1/1/2001,12/31/2001,1573,Test Fund,USD,Asset,11111,0,0,Test Account4,0,2432771.234,-2432432084,0,2015.07.30 14:20:37,U,INVESTAI,I
1/1/2001,12/31/2001,1574,Test Fund,USD,Asset,11111,0,0,Test Account4,0,2432772.234,-2432432083,0,2015.07.30 14:20:37,U,INVESTAI,I
1/1/2001,12/31/2001,1575,Test Fund,USD,Asset,11111,0,0,Test Account4,0,2432773.234,-2432432082,0,2015.07.30 14:20:37,U,INVESTAI,I
1/1/2001,12/31/2001,1576,Test Fund,USD,Asset,11111,0,0,Test Account4,0,2432774.234,-2432432081,0,2015.07.30 14:20:37,U,INVESTAI,I
1/1/2001,12/31/2001,1577,Test Fund,USD,Asset,11111,0,0,Test Account5,0,2432775.234,-2432432080,0,2015.07.30 14:20:37,U,INVESTAI,I
1/1/2001,12/31/2001,1578,Test Fund,USD,Asset,11111,0,0,Test Account5,0,2432776.234,-2432432079,0,2015.07.30 14:20:37,U,INVESTAI,I
1/1/2001,12/31/2001,1579,Test Fund,USD,Asset,11111,0,0,Test Account5,0,2432777.234,-2432432078,0,2015.07.30 14:20:37,U,INVESTAI,I
1/1/2001,12/31/2001,1580,Test Fund,USD,Asset,11111,0,0,Test Account5,0,2432778.234,-2432432077,0,2015.07.30 14:20:37,U,INVESTAI,I
1/1/2001,12/31/2001,1581,Test Fund,USD,Asset,11111,0,0,Test Account5,0,2432779.234,-2432432076,0,2015.07.30 14:20:37,U,INVESTAI,I
1/1/2001,12/31/2001,1582,Test Fund,USD,Asset,11111,0,0,Test Account5,0,2432780.234,-2432432075,0,2015.07.30 14:20:37,U,INVESTAI,I
1/1/2001,12/31/2001,1583,Test Fund,USD,Asset,11111,0,0,Test Account5,0,2432781.234,-2432432074,0,2015.07.30 14:20:37,U,INVESTAI,I
1/1/2001,12/31/2001,1584,Test Fund,USD,Asset,11111,0,0,Test Account5,0,2432782.234,-2432432073,0,2015.07.30 14:20:37,U,INVESTAI,I
1/1/2001,12/31/2001,1585,Test Fund,USD,Asset,11111,0,0,Test Account5,0,2432783.234,-2432432072,0,2015.07.30 14:20:37,U,INVESTAI,I
1/1/2001,12/31/2001,1586,Test Fund,USD,Asset,11111,0,0,Test Account5,0,2432784.234,-2432432071,0,2015.07.30 14:20:37,U,INVESTAI,I
1/1/2001,12/31/2001,1587,Test Fund,USD,Asset,11111,0,0,Test Account5,0,2432785.234,-2432432070,0,2015.07.30 14:20:37,U,INVESTAI,I
1/1/2001,12/31/2001,1588,Test Fund,USD,Asset,11111,0,0,Test Account5,0,2432786.234,-2432432069,0,2015.07.30 14:20:37,U,INVESTAI,I
1/1/2001,12/31/2001,1589,Test Fund,USD,Asset,11111,0,0,Test Account5,0,2432787.234,-2432432068,0,2015.07.30 14:20:37,U,INVESTAI,I
1/1/2001,12/31/2001,1590,Test Fund,USD,Asset,11111,0,0,Test Account5,0,2432788.234,-2432432067,0,2015.07.30 14:20:37,U,INVESTAI,I
1/1/2001,12/31/2001,1591,Test Fund,USD,Asset,11111,0,0,Test Account5,0,2432789.234,-2432432066,0,2015.07.30 14:20:37,U,INVESTAI,I
1/1/2001,12/31/2001,1592,Test Fund,USD,Asset,11111,0,0,Test Account5,0,2432790.234,-2432432065,0,2015.07.30 14:20:37,U,INVESTAI,I
1/1/2001,12/31/2001,1593,Test Fund,USD,Asset,11111,0,0,Test Account5,0,2432791.234,-2432432064,0,2015.07.30 14:20:37,U,INVESTAI,I
1/1/2001,12/31/2001,1594,Test Fund,USD,Asset,11111,0,0,Test Account5,0,2432792.234,-2432432063,0,2015.07.30 14:20:37,U,INVESTAI,I
1/1/2001,12/31/2001,1595,Test Fund,USD,Asset,11111,0,0,Test Account5,0,2432793.234,-2432432062,0,2015.07.30 14:20:37,U,INVESTAI,I
1/1/2001,12/31/2001,1596,Test Fund,USD,Asset,11111,0,0,Test Account5,0,2432794.234,-2432432061,0,2015.07.30 14:20:37,U,INVESTAI,I
1/1/2001,12/31/2001,1597,Test Fund,USD,Asset,11111,0,0,Test Account5,0,2432795.234,-2432432060,0,2015.07.30 14:20:37,U,INVESTAI,I
1/1/2001,12/31/2001,1598,Test Fund,USD,Asset,11111,0,0,Test Account5,0,2432796.234,-2432432059,0,2015.07.30 14:20:37,U,INVESTAI,I
1/1/2001,12/31/2001,1599,Test Fund,USD,Asset,11111,0,0,Test Account5,0,2432797.234,-2432432058,0,2015.07.30 14:20:37,U,INVESTAI,I
1/1/2001,12/31/2001,1600,Test Fund,USD,Asset,11111,0,0,Test Account5,0,2432798.234,-2432432057,0,2015.07.30 14:20:37,U,INVESTAI,I
1/1/2001,12/31/2001,1601,Test Fund,USD,Asset,11111,0,0,Test Account5,0,2432799.234,-2432432056,0,2015.07.30 14:20:37,U,INVESTAI,I
1/1/2001,12/31/2001,1602,Test Fund,USD,Asset,11111,0,0,Test Account5,0,2432800.234,-2432432055,0,2015.07.30 14:20:37,U,INVESTAI,I
1/1/2001,12/31/2001,1603,Test Fund,USD,Asset,11111,0,0,Test Account5,0,2432801.234,-2432432054,0,2015.07.30 14:20:37,U,INVESTAI,I
1/1/2001,12/31/2001,1604,Test Fund,USD,Asset,11111,0,0,Test Account5,0,2432802.234,-2432432053,0,2015.07.30 14:20:37,U,INVESTAI,I
1/1/2001,12/31/2001,1605,Test Fund,USD,Asset,11111,0,0,Test Account5,0,2432803.234,-2432432052,0,2015.07.30 14:20:37,U,INVESTAI,I
1/1/2001,12/31/2001,1606,Test Fund,USD,Asset,11111,0,0,Test Account5,0,2432804.234,-2432432051,0,2015.07.30 14:20:37,U,INVESTAI,I
1/1/2001,12/31/2001,1607,Test Fund,USD,Asset,11111,0,0,Test Account5,0,2432805.234,-2432432050,0,2015.07.30 14:20:37,U,INVESTAI,I
1/1/2001,12/31/2001,1608,Test Fund,USD,Asset,11111,0,0,Test Account5,0,2432806.234,-2432432049,0,2015.07.30 14:20:37,U,INVESTAI,I
1/1/2001,12/31/2001,1609,Test Fund,USD,Asset,11111,0,0,Test Account5,0,2432807.234,-2432432048,0,2015.07.30 14:20:37,U,INVESTAI,I
1/1/2001,12/31/2001,1610,Test Fund,USD,Asset,11111,0,0,Test Account5,0,2432808.234,-2432432047,0,2015.07.30 14:20:37,U,INVESTAI,I
1/1/2001,12/31/2001,1611,Test Fund,USD,Asset,11111,0,0,Test Account5,0,2432809.234,-2432432046,0,2015.07.30 14:20:37,U,INVESTAI,I
1/1/2001,12/31/2001,1612,Test Fund,USD,Asset,11111,0,0,Test Account5,0,2432810.234,-2432432045,0,2015.07.30 14:20:37,U,INVESTAI,I
1/1/2001,12/31/2001,1613,Test Fund,USD,Asset,11111,0,0,Test Account5,0,2432811.234,-2432432044,0,2015.07.30 14:20:37,U,INVESTAI,I
1/1/2001,12/31/2001,1614,Test Fund,USD,Asset,11111,0,0,Test Account5,0,2432812.234,-2432432043,0,2015.07.30 14:20:37,U,INVESTAI,I
1/1/2001,12/31/2001,1615,Test Fund,USD,Asset,11111,0,0,Test Account5,0,2432813.234,-2432432042,0,2015.07.30 14:20:37,U,INVESTAI,I
1/1/2001,12/31/2001,1616,Test Fund,USD,Asset,11111,0,0,Test Account5,0,2432814.234,-2432432041,0,2015.07.30 14:20:37,U,INVESTAI,I
1/1/2001,12/31/2001,1617,Test Fund,USD,Asset,11111,0,0,Test Account5,0,2432815.234,-2432432040,0,2015.07.30 14:20:37,U,INVESTAI,I
1/1/2001,12/31/2001,1618,Test Fund,USD,Asset,11111,0,0,Test Account5,0,2432816.234,-2432432039,0,2015.07.30 14:20:37,U,INVESTAI,I
1/1/2001,12/31/2001,1619,Test Fund,USD,Asset,11111,0,0,Test Account5,0,2432817.234,-2432432038,0,2015.07.30 14:20:37,U,INVESTAI,I
1/1/2001,12/31/2001,1620,Test Fund,USD,Asset,11111,0,0,Test Account5,0,2432818.234,-2432432037,0,2015.07.30 14:20:37,U,INVESTAI,I
1/1/2001,12/31/2001,1621,Test Fund,USD,Asset,11111,0,0,Test Account5,0,2432819.234,-2432432036,0,2015.07.30 14:20:37,U,INVESTAI,I
1/1/2001,12/31/2001,1622,Test Fund,USD,Asset,11111,0,0,Test Account5,0,2432820.234,-2432432035,0,2015.07.30 14:20:37,U,INVESTAI,I
1/1/2001,12/31/2001,1623,Test Fund,USD,Asset,11111,0,0,Test Account5,0,2432821.234,-2432432034,0,2015.07.30 14:20:37,U,INVESTAI,I
1/1/2001,12/31/2001,1624,Test Fund,USD,Asset,11111,0,0,Test Account5,0,2432822.234,-2432432033,0,2015.07.30 14:20:37,U,INVESTAI,I
1/1/2001,12/31/2001,1625,Test Fund,USD,Asset,11111,0,0,Test Account5,0,2432823.234,-2432432032,0,2015.07.30 14:20:37,U,INVESTAI,I
1/1/2001,12/31/2001,1626,Test Fund,USD,Asset,11111,0,0,Test Account5,0,2432824.234,-2432432031,0,2015.07.30 14:20:37,U,INVESTAI,I
1/1/2001,12/31/2001,1627,Test Fund,USD,Asset,11111,0,0,Test Account5,0,2432825.234,-2432432030,0,2015.07.30 14:20:37,U,INVESTAI,I
1/1/2001,12/31/2001,1628,Test Fund,USD,Asset,11111,0,0,Test Account5,0,2432826.234,-2432432029,0,2015.07.30 14:20:37,U,INVESTAI,I
1/1/2001,12/31/2001,1629,Test Fund,USD,Asset,11111,0,0,Test Account5,0,2432827.234,-2432432028,0,2015.07.30 14:20:37,U,INVESTAI,I
1/1/2001,12/31/2001,1630,Test Fund,USD,Asset,11111,0,0,Test Account5,0,2432828.234,-2432432027,0,2015.07.30 14:20:37,U,INVESTAI,I
1/1/2001,12/31/2001,1631,Test Fund,USD,Asset,11111,0,0,Test Account5,0,2432829.234,-2432432026,0,2015.07.30 14:20:37,U,INVESTAI,I
1/1/2001,12/31/2001,1632,Test Fund,USD,Asset,11111,0,0,Test Account5,0,2432830.234,-2432432025,0,2015.07.30 14:20:37,U,INVESTAI,I
1/1/2001,12/31/2001,1633,Test Fund,USD,Asset,11111,0,0,Test Account5,0,2432831.234,-2432432024,0,2015.07.30 14:20:37,U,INVESTAI,I
1/1/2001,12/31/2001,1634,Test Fund,USD,Asset,11111,0,0,Test Account5,0,2432832.234,-2432432023,0,2015.07.30 14:20:37,U,INVESTAI,I
1/1/2001,12/31/2001,1635,Test Fund,USD,Asset,11111,0,0,Test Account5,0,2432833.234,-2432432022,0,2015.07.30 14:20:37,U,INVESTAI,I
1/1/2001,12/31/2001,1636,Test Fund,USD,Asset,11111,0,0,Test Account5,0,2432834.234,-2432432021,0,2015.07.30 14:20:37,U,INVESTAI,I
1/1/2001,12/31/2001,1637,Test Fund,USD,Asset,11111,0,0,Test Account5,0,2432835.234,-2432432020,0,2015.07.30 14:20:37,U,INVESTAI,I
1/1/2001,12/31/2001,1638,Test Fund,USD,Asset,11111,0,0,Test Account5,0,2432836.234,-2432432019,0,2015.07.30 14:20:37,U,INVESTAI,I
1/1/2001,12/31/2001,1639,Test Fund,USD,Asset,11111,0,0,Test Account5,0,2432837.234,-2432432018,0,2015.07.30 14:20:37,U,INVESTAI,I
1/1/2001,12/31/2001,1640,Test Fund,USD,Asset,11111,0,0,Test Account5,0,2432838.234,-2432432017,0,2015.07.30 14:20:37,U,INVESTAI,I
1/1/2001,12/31/2001,1641,Test Fund,USD,Asset,11111,0,0,Test Account5,0,2432839.234,-2432432016,0,2015.07.30 14:20:37,U,INVESTAI,I
1/1/2001,12/31/2001,1642,Test Fund,USD,Asset,11111,0,0,Test Account5,0,2432840.234,-2432432015,0,2015.07.30 14:20:37,U,INVESTAI,I
1/1/2001,12/31/2001,1643,Test Fund,USD,Asset,11111,0,0,Test Account5,0,2432841.234,-2432432014,0,2015.07.30 14:20:37,U,INVESTAI,I
1/1/2001,12/31/2001,1644,Test Fund,USD,Asset,11111,0,0,Test Account5,0,2432842.234,-2432432013,0,2015.07.30 14:20:37,U,INVESTAI,I
1/1/2001,12/31/2001,1645,Test Fund,USD,Asset,11111,0,0,Test Account5,0,2432843.234,-2432432012,0,2015.07.30 14:20:37,U,INVESTAI,I
1/1/2001,12/31/2001,1646,Test Fund,USD,Asset,11111,0,0,Test Account5,0,2432844.234,-2432432011,0,2015.07.30 14:20:37,U,INVESTAI,I
1/1/2001,12/31/2001,1647,Test Fund,USD,Asset,11111,0,0,Test Account5,0,2432845.234,-2432432010,0,2015.07.30 14:20:37,U,INVESTAI,I
1/1/2001,12/31/2001,1648,Test Fund,USD,Asset,11111,0,0,Test Account,0,2432846.234,-2432432009,0,2015.07.30 14:20:37,U,INVESTAI,I
1/1/2001,12/31/2001,1649,Test Fund,USD,Asset,11111,0,0,Test Account,0,2432847.234,-2432432008,0,2015.07.30 14:20:37,U,INVESTAI,I
1/1/2001,12/31/2001,1650,Test Fund,USD,Asset,11111,0,0,Test Account,0,2432848.234,-2432432007,0,2015.07.30 14:20:37,U,INVESTAI,I
1/1/2001,12/31/2001,1651,Test Fund,USD,Asset,11111,0,0,Test Account,0,2432849.234,-2432432006,0,2015.07.30 14:20:37,U,INVESTAI,I
1/1/2001,12/31/2001,1652,Test Fund,USD,Asset,11111,0,0,Test Account,0,2432850.234,-2432432005,0,2015.07.30 14:20:37,U,INVESTAI,I
1/1/2001,12/31/2001,1653,Test Fund,USD,Asset,11111,0,0,Test Account,0,2432851.234,-2432432004,0,2015.07.30 14:20:37,U,INVESTAI,I
1/1/2001,12/31/2001,1654,Test Fund,USD,Asset,11111,0,0,Test Account,0,2432852.234,-2432432003,0,2015.07.30 14:20:37,U,INVESTAI,I
1/1/2001,12/31/2001,1655,Test Fund,USD,Asset,11111,0,0,Test Account,0,2432853.234,-2432432002,0,2015.07.30 14:20:37,U,INVESTAI,I
1/1/2001,12/31/2001,1656,Test Fund,USD,Asset,11111,0,0,Test Account,0,2432854.234,-2432432001,0,2015.07.30 14:20:37,U,INVESTAI,I
1/1/2001,12/31/2001,1657,Test Fund,USD,Asset,11111,0,0,Test Account,0,2432855.234,-2432432000,0,2015.07.30 14:20:37,U,INVESTAI,I
1/1/2001,12/31/2001,1658,Test Fund,USD,Asset,11111,0,0,Test Account,0,2432856.234,-2432431999,0,2015.07.30 14:20:37,U,INVESTAI,I
1/1/2001,12/31/2001,1659,Test Fund,USD,Asset,11111,0,0,Test Account,0,2432857.234,-2432431998,0,2015.07.30 14:20:37,U,INVESTAI,I
1/1/2001,12/31/2001,1660,Test Fund,USD,Asset,11111,0,0,Test Account,0,2432858.234,-2432431997,0,2015.07.30 14:20:37,U,INVESTAI,I
1/1/2001,12/31/2001,1661,Test Fund,USD,Asset,11111,0,0,Test Account,0,2432859.234,-2432431996,0,2015.07.30 14:20:37,U,INVESTAI,I
1/1/2001,12/31/2001,1662,Test Fund,USD,Asset,11111,0,0,Test Account,0,2432860.234,-2432431995,0,2015.07.30 14:20:37,U,INVESTAI,I
1/1/2001,12/31/2001,1663,Test Fund,USD,Asset,11111,0,0,Test Account,0,2432861.234,-2432431994,0,2015.07.30 14:20:37,U,INVESTAI,I
1/1/2001,12/31/2001,1664,Test Fund,USD,Asset,11111,0,0,Test Account,0,2432862.234,-2432431993,0,2015.07.30 14:20:37,U,INVESTAI,I
1/1/2001,12/31/2001,1665,Test Fund,USD,Asset,11111,0,0,Test Account,0,2432863.234,-2432431992,0,2015.07.30 14:20:37,U,INVESTAI,I
1/1/2001,12/31/2001,1666,Test Fund,USD,Asset,11111,0,0,Test Account,0,2432864.234,-2432431991,0,2015.07.30 14:20:37,U,INVESTAI,I
1/1/2001,12/31/2001,1667,Test Fund,USD,Asset,11111,0,0,Test Account,0,2432865.234,-2432431990,0,2015.07.30 14:20:37,U,INVESTAI,I
1/1/2001,12/31/2001,1668,Test Fund,USD,Asset,11111,0,0,Test Account,0,2432866.234,-2432431989,0,2015.07.30 14:20:37,U,INVESTAI,I
1/1/2001,12/31/2001,1669,Test Fund,USD,Asset,11111,0,0,Test Account,0,2432867.234,-2432431988,0,2015.07.30 14:20:37,U,INVESTAI,I
1/1/2001,12/31/2001,1670,Test Fund,USD,Asset,11111,0,0,Test Account,0,2432868.234,-2432431987,0,2015.07.30 14:20:37,U,INVESTAI,I
1/1/2001,12/31/2001,1671,Test Fund,USD,Asset,11111,0,0,Test Account,0,2432869.234,-2432431986,0,2015.07.30 14:20:37,U,INVESTAI,I
1/1/2001,12/31/2001,1672,Test Fund,USD,Asset,11111,0,0,Test Account,0,2432870.234,-2432431985,0,2015.07.30 14:20:37,U,INVESTAI,I
1/1/2001,12/31/2001,1673,Test Fund,USD,Asset,11111,0,0,Test Account,0,2432871.234,-2432431984,0,2015.07.30 14:20:37,U,INVESTAI,I
1/1/2001,12/31/2001,1674,Test Fund,USD,Asset,11111,0,0,Test Account,0,2432872.234,-2432431983,0,2015.07.30 14:20:37,U,INVESTAI,I
1/1/2001,12/31/2001,1675,Test Fund,USD,Asset,11111,0,0,Test Account,0,2432873.234,-2432431982,0,2015.07.30 14:20:37,U,INVESTAI,I
1/1/2001,12/31/2001,1676,Test Fund,USD,Asset,11111,0,0,Test Account,0,2432874.234,-2432431981,0,2015.07.30 14:20:37,U,INVESTAI,I
1/1/2001,12/31/2001,1677,Test Fund,USD,Asset,11111,0,0,Test Account,0,2432875.234,-2432431980,0,2015.07.30 14:20:37,U,INVESTAI,I
1/1/2001,12/31/2001,1678,Test Fund,USD,Asset,11111,0,0,Test Account,0,2432876.234,-2432431979,0,2015.07.30 14:20:37,U,INVESTAI,I
1/1/2001,12/31/2001,1679,Test Fund,USD,Asset,11111,0,0,Test Account,0,2432877.234,-2432431978,0,2015.07.30 14:20:37,U,INVESTAI,I
1/1/2001,12/31/2001,1680,Test Fund,USD,Asset,11111,0,0,Test Account,0,2432878.234,-2432431977,0,2015.07.30 14:20:37,U,INVESTAI,I
1/1/2001,12/31/2001,1681,Test Fund,USD,Asset,11111,0,0,Test Account,0,2432879.234,-2432431976,0,2015.07.30 14:20:37,U,INVESTAI,I
1/1/2001,12/31/2001,1682,Test Fund,USD,Asset,11111,0,0,Test Account,0,2432880.234,-2432431975,0,2015.07.30 14:20:37,U,INVESTAI,I
1/1/2001,12/31/2001,1683,Test Fund,USD,Asset,11111,0,0,Test Account,0,2432881.234,-2432431974,0,2015.07.30 14:20:37,U,INVESTAI,I
1/1/2001,12/31/2001,1684,Test Fund,USD,Asset,11111,0,0,Test Account,0,2432882.234,-2432431973,0,2015.07.30 14:20:37,U,INVESTAI,I
1/1/2001,12/31/2001,1685,Test Fund,USD,Asset,11111,0,0,Test Account,0,2432883.234,-2432431972,0,2015.07.30 14:20:37,U,INVESTAI,I
1/1/2001,12/31/2001,1686,Test Fund,USD,Asset,11111,0,0,Test Account,0,2432884.234,-2432431971,0,2015.07.30 14:20:37,U,INVESTAI,I
1/1/2001,12/31/2001,1687,Test Fund,USD,Asset,11111,0,0,Test Account,0,2432885.234,-2432431970,0,2015.07.30 14:20:37,U,INVESTAI,I
1/1/2001,12/31/2001,1688,Test Fund,USD,Asset,11111,0,0,Test Account,0,2432886.234,-2432431969,0,2015.07.30 14:20:37,U,INVESTAI,I
1/1/2001,12/31/2001,1689,Test Fund,USD,Asset,11111,0,0,Test Account,0,2432887.234,-2432431968,0,2015.07.30 14:20:37,U,INVESTAI,I
1/1/2001,12/31/2001,1690,Test Fund,USD,Asset,11111,0,0,Test Account,0,2432888.234,-2432431967,0,2015.07.30 14:20:37,U,INVESTAI,I
1/1/2001,12/31/2001,1691,Test Fund,USD,Asset,11111,0,0,Test Account,0,2432889.234,-2432431966,0,2015.07.30 14:20:37,U,INVESTAI,I
1/1/2001,12/31/2001,1692,Test Fund,USD,Asset,11111,0,0,Test Account,0,2432890.234,-2432431965,0,2015.07.30 14:20:37,U,INVESTAI,I
1/1/2001,12/31/2001,1693,Test Fund,USD,Asset,11111,0,0,Test Account,0,2432891.234,-2432431964,0,2015.07.30 14:20:37,U,INVESTAI,I
1/1/2001,12/31/2001,1694,Test Fund,USD,Asset,11111,0,0,Test Account,0,2432892.234,-2432431963,0,2015.07.30 14:20:37,U,INVESTAI,I
1/1/2001,12/31/2001,1695,Test Fund,USD,Asset,11111,0,0,Test Account,0,2432893.234,-2432431962,0,2015.07.30 14:20:37,U,INVESTAI,I
1/1/2001,12/31/2001,1696,Test Fund,USD,Asset,11111,0,0,Test Account,0,2432894.234,-2432431961,0,2015.07.30 14:20:37,U,INVESTAI,I
1/1/2001,12/31/2001,1697,Test Fund,USD,Asset,11111,0,0,Test Account,0,2432895.234,-2432431960,0,2015.07.30 14:20:37,U,INVESTAI,I
1/1/2001,12/31/2001,1698,Test Fund,USD,Asset,11111,0,0,Test Account,0,2432896.234,-2432431959,0,2015.07.30 14:20:37,U,INVESTAI,I
1/1/2001,12/31/2001,1699,Test Fund,USD,Asset,11111,0,0,Test Account,0,2432897.234,-2432431958,0,2015.07.30 14:20:37,U,INVESTAI,I
1/1/2001,12/31/2001,1700,Test Fund,USD,Asset,11111,0,0,Test Account,0,2432898.234,-2432431957,0,2015.07.30 14:20:37,U,INVESTAI,I
1/1/2001,12/31/2001,1701,Test Fund,USD,Asset,11111,0,0,Test Account,0,2432899.234,-2432431956,0,2015.07.30 14:20:37,U,INVESTAI,I
1/1/2001,12/31/2001,1702,Test Fund,USD,Asset,11111,0,0,Test Account,0,2432900.234,-2432431955,0,2015.07.30 14:20:37,U,INVESTAI,I
1/1/2001,12/31/2001,1703,Test Fund,USD,Asset,11111,0,0,Test Account,0,2432901.234,-2432431954,0,2015.07.30 14:20:37,U,INVESTAI,I
1/1/2001,12/31/2001,1704,Test Fund,USD,Asset,11111,0,0,Test Account,0,2432902.234,-2432431953,0,2015.07.30 14:20:37,U,INVESTAI,I
1/1/2001,12/31/2001,1705,Test Fund,USD,Asset,11111,0,0,Test Account,0,2432903.234,-2432431952,0,2015.07.30 14:20:37,U,INVESTAI,I
1/1/2001,12/31/2001,1706,Test Fund,USD,Asset,11111,0,0,Test Account,0,2432904.234,-2432431951,0,2015.07.30 14:20:37,U,INVESTAI,I
1/1/2001,12/31/2001,1707,Test Fund,USD,Asset,11111,0,0,Test Account,0,2432905.234,-2432431950,0,2015.07.30 14:20:37,U,INVESTAI,I
1/1/2001,12/31/2001,1708,Test Fund,USD,Asset,11111,0,0,Test Account,0,2432906.234,-2432431949,0,2015.07.30 14:20:37,U,INVESTAI,I
1/1/2001,12/31/2001,1709,Test Fund,USD,Asset,11111,0,0,Test Account,0,2432907.234,-2432431948,0,2015.07.30 14:20:37,U,INVESTAI,I
1/1/2001,12/31/2001,1710,Test Fund,USD,Asset,11111,0,0,Test Account,0,2432908.234,-2432431947,0,2015.07.30 14:20:37,U,INVESTAI,I
1/1/2001,12/31/2001,1711,Test Fund,USD,Asset,11111,0,0,Test Account,0,2432909.234,-2432431946,0,2015.07.30 14:20:37,U,INVESTAI,I
1/1/2001,12/31/2001,1712,Test Fund,USD,Asset,11111,0,0,Test Account,0,2432910.234,-2432431945,0,2015.07.30 14:20:37,U,INVESTAI,I
1/1/2001,12/31/2001,1713,Test Fund,USD,Asset,11111,0,0,Test Account,0,2432911.234,-2432431944,0,2015.07.30 14:20:37,U,INVESTAI,I
1/1/2001,12/31/2001,1714,Test Fund,USD,Asset,11111,0,0,Test Account,0,2432912.234,-2432431943,0,2015.07.30 14:20:37,U,INVESTAI,I
1/1/2001,12/31/2001,1715,Test Fund,USD,Asset,11111,0,0,Test Account,0,2432913.234,-2432431942,0,2015.07.30 14:20:37,U,INVESTAI,I
1/1/2001,12/31/2001,1716,Test Fund,USD,Asset,11111,0,0,Test Account,0,2432914.234,-2432431941,0,2015.07.30 14:20:37,U,INVESTAI,I
1/1/2001,12/31/2001,1717,Test Fund,USD,Asset,11111,0,0,Test Account,0,2432915.234,-2432431940,0,2015.07.30 14:20:37,U,INVESTAI,I
1/1/2001,12/31/2001,1718,Test Fund,USD,Asset,11111,0,0,Test Account,0,2432916.234,-2432431939,0,2015.07.30 14:20:37,U,INVESTAI,I
1/1/2001,12/31/2001,1719,Test Fund,USD,Asset,11111,0,0,Test Account,0,2432917.234,-2432431938,0,2015.07.30 14:20:37,U,INVESTAI,I
1/1/2001,12/31/2001,1720,Test Fund,USD,Asset,11111,0,0,Test Account,0,2432918.234,-2432431937,0,2015.07.30 14:20:37,U,INVESTAI,I
1/1/2001,12/31/2001,1721,Test Fund,USD,Asset,11111,0,0,Test Account,0,2432919.234,-2432431936,0,2015.07.30 14:20:37,U,INVESTAI,I
1/1/2001,12/31/2001,1722,Test Fund,USD,Asset,11111,0,0,Test Account,0,2432920.234,-2432431935,0,2015.07.30 14:20:37,U,INVESTAI,I
1/1/2001,12/31/2001,1723,Test Fund,USD,Asset,11111,0,0,Test Account,0,2432921.234,-2432431934,0,2015.07.30 14:20:37,U,INVESTAI,I
1/1/2001,12/31/2001,1724,Test Fund,USD,Asset,11111,0,0,Test Account,0,2432922.234,-2432431933,0,2015.07.30 14:20:37,U,INVESTAI,I
1/1/2001,12/31/2001,1725,Test Fund,USD,Asset,11111,0,0,Test Account,0,2432923.234,-2432431932,0,2015.07.30 14:20:37,U,INVESTAI,I
1/1/2001,12/31/2001,1726,Test Fund,USD,Asset,11111,0,0,Test Account,0,2432924.234,-2432431931,0,2015.07.30 14:20:37,U,INVESTAI,I
1/1/2001,12/31/2001,1727,Test Fund,USD,Asset,11111,0,0,Test Account,0,2432925.234,-2432431930,0,2015.07.30 14:20:37,U,INVESTAI,I
1/1/2001,12/31/2001,1728,Test Fund,USD,Asset,11111,0,0,Test Account,0,2432926.234,-2432431929,0,2015.07.30 14:20:37,U,INVESTAI,I
1/1/2001,12/31/2001,1729,Test Fund,USD,Asset,11111,0,0,Test Account,0,2432927.234,-2432431928,0,2015.07.30 14:20:37,U,INVESTAI,I
1/1/2001,12/31/2001,1730,Test Fund,USD,Asset,11111,0,0,Test Account,0,2432928.234,-2432431927,0,2015.07.30 14:20:37,U,INVESTAI,I
1/1/2001,12/31/2001,1731,Test Fund,USD,Asset,11111,0,0,Test Account,0,2432929.234,-2432431926,0,2015.07.30 14:20:37,U,INVESTAI,I
1/1/2001,12/31/2001,1732,Test Fund,USD,Asset,11111,0,0,Test Account,0,2432930.234,-2432431925,0,2015.07.30 14:20:37,U,INVESTAI,I
1/1/2001,12/31/2001,1733,Test Fund,USD,Asset,11111,0,0,Test Account,0,2432931.234,-2432431924,0,2015.07.30 14:20:37,U,INVESTAI,I
1/1/2001,12/31/2001,1734,Test Fund,USD,Asset,11111,0,0,Test Account,0,2432932.234,-2432431923,0,2015.07.30 14:20:37,U,INVESTAI,I
1/1/2001,12/31/2001,1735,Test Fund,USD,Asset,11111,0,0,Test Account,0,2432933.234,-2432431922,0,2015.07.30 14:20:37,U,INVESTAI,I
1/1/2001,12/31/2001,1736,Test Fund,USD,Asset,11111,0,0,Test Account,0,2432934.234,-2432431921,0,2015.07.30 14:20:37,U,INVESTAI,I
1/1/2001,12/31/2001,1737,Test Fund,USD,Asset,11111,0,0,Test Account,0,2432935.234,-2432431920,0,2015.07.30 14:20:37,U,INVESTAI,I
1/1/2001,12/31/2001,1738,Test Fund,USD,Asset,11111,0,0,Test Account,0,2432936.234,-2432431919,0,2015.07.30 14:20:37,U,INVESTAI,I
1/1/2001,12/31/2001,1739,Test Fund,USD,Asset,11111,0,0,Test Account,0,2432937.234,-2432431918,0,2015.07.30 14:20:37,U,INVESTAI,I
